Index,hkl,U_g_real,U_g_imag,g_mag
51,"(2, -2, 3)",0.0029120023154358,0.0006363328306071,0.4278001465219445
52,"(2, -1, 2)",0.0120279822723394,0.0008849228456148,0.3223714850684046
60,"(3, 7, -6)",-0.0018909570585518,-0.0008467097959253,1.047901041864171
92,"(5, 8, -6)",-4.443927505511128e-05,-9.82649505288065e-06,1.247197023917759
93,"(5, 9, -7)",-0.0017412261957567,-0.0003000754079407,1.3757871775565578
94,"(5, 10, -8)",-0.0001242684019187,-3.980631976727792e-05,1.5077017597135856
111,"(7, 4, -1)",-0.0005673176085099,-9.692686855272132e-05,0.9897511783848312
112,"(7, 5, -2)",-0.0085350461661405,-0.0020675884015619,1.0630602068830357
113,"(7, 6, -3)",0.0018174361580243,0.0003776588679161,1.1505089780861866
114,"(7, 7, -4)",-0.0018125933851375,-0.0009106247470892,1.249131342457757
118,"(7, 11, -8)",-0.0016374194921364,-0.0006264934825207,1.714002592609092
119,"(7, 12, -9)",-0.0003195785723926,-4.879847996737744e-05,1.841163918231475
120,"(7, 13, -10)",-0.0008985495391159,-0.00037141494937,1.971052652005761
146,"(9, 9, -5)",-0.0001867756995282,-4.321012896553271e-05,1.602760934561063
174,"(11, 11, -6)",-0.0006489880219478,-0.0003348292959563,1.9564449599087648
300,"(-9, -9, 6)",-0.0014024689518113,-0.0006016474506255,1.6273842840302102
359,"(-5, -11, 10)",-0.0012654411783984,-0.0005675301145904,1.6834529239268037
360,"(-5, -3, 1)",-0.0046097968042853,-0.00085349234197,0.7178545549001298
361,"(-5, -2, 0)",0.0031317480820196,0.0005112147196245,0.660704927830274
375,"(-4, -8, 7)",-5.839596006684199e-05,4.73518815159604e-05,1.2300256196520776
398,"(-2, 1, -2)",0.0120279822723394,0.0008849228456148,0.3223714850684046
421,"(-1, -5, 5)",-0.005953699394237,-0.0011575569653952,0.7441260607609527
58,"(3, 8, -7)",0.002337826525541,0.0004520927093571,1.1860714075644994
68,"(4, 0, 2)",0.0068993465512503,0.0011637160222228,0.5212219498866031
148,"(9, 8, -4)",-0.0007057884578241,-0.0001274748263757,1.5034889302184005
177,"(11, 10, -5)",0.0005187628124842,7.687083146909513e-05,1.8567734872822368
305,"(-8, -6, 3)",-0.000167362860346,4.7456827287690746e-05,1.2454882759296764
1124,"(11, 13, -8)",-0.0006044947545742,-0.0002310984497612,2.1718812048251577
1125,"(11, 14, -9)",0.0001979848611495,3.551793019770696e-06,2.286129908057497
832,"(9, 14, -10)",0.0001718083799605,5.014971424332649e-06,2.181037669666467
976,"(11, 12, -7)",-0.0004725359259443,-5.4067497094787976e-05,2.061754174504141
1627,"(-13, -12, 8)",-4.05600069425864e-05,-2.789538201818546e-06,2.255551546715003
13,"(0, 13, -13)",-9.319289112990534e-19,-1.1552837743376697e-19,1.908041688281549
16,"(0, -10, 11)",-0.0003483148343999,-6.607791025873099e-05,1.5185756482982158
17,"(0, -9, 10)",8.318043175231226e-19,-1.4710613393232993e-18,1.3719725269152172
26,"(1, 8, -8)",-0.0001109931727786,-1.9778580043923635e-05,1.1806212397447993
27,"(1, -13, 15)",-5.112712280443904e-05,-3.5022344817574e-06,2.0151308006952813
31,"(1, -6, 7)",-0.0020968248605126,-0.0003472709671295,0.9405838259377064
32,"(1, -5, 6)",-0.00337431586059,-0.0012163658016791,0.7957835419440447
51,"(2, -11, 13)",-0.0002841519805274,-4.379196328175138e-05,1.736201776885943
52,"(2, -10, 12)",0.0022187220069944,0.000770907915037,1.591567083888089
66,"(3, 9, -8)",-0.004012715085205,-0.0013258321526988,1.3260914263348242
67,"(3, 10, -9)",-0.0013192215030561,-0.0002483799878986,1.4674317207318723
68,"(3, 11, -10)",-0.0012951265639643,-0.0006091814830914,1.6097445560945862
69,"(3, 12, -11)",0.0004460058122224,6.75760875832681e-05,1.7527930606882511
73,"(3, -7, 9)",-0.0024943453928051,-0.0005326441591079,1.1931131638273174
74,"(3, -6, 8)",-0.0007300264183722,-0.0001632341001816,1.0557201765429025
80,"(4, -11, 14)",0.0002630484724566,4.382371343278619e-05,1.8416594959960333
81,"(4, -10, 13)",5.6806888072136e-05,1.4445601205652056e-05,1.7017449062505
85,"(4, -3, 5)",-0.0091361385888939,-0.0012550705637841,0.7431894314853194
86,"(4, -2, 4)",0.0133941382336105,0.002795858730822,0.644742970136809
87,"(4, -1, 3)",0.01017476668477,0.001266073812935,0.5675744540277289
99,"(5, 11, -9)",0.0011763398310426,0.0002059577960204,1.642139802639387
100,"(5, 12, -10)",-2.6782085154895104e-05,-4.437879690490603e-06,1.7785291573196893
101,"(5, 13, -11)",-0.0003966958508488,-5.115616040083935e-05,1.9164532585781275
104,"(5, -8, 11)",-0.0010691376476787,-0.0002108031513353,1.4731554088251742
105,"(5, -7, 10)",-0.0017394617092708,-0.000780647851568,1.3430061375365945
106,"(5, -6, 9)",0.0020199438927126,0.0004078642356429,1.2166463780514605
108,"(6, -11, 15)",-2.762424380048333e-05,-9.847314558457072e-06,1.9760715950705376
109,"(6, -10, 14)",0.0012496517333555,0.0004813906426788,1.8424499531614984
113,"(6, -4, 7)",0.0006467730057807,0.0002606500110785,1.062776950046041
114,"(6, -3, 6)",0.0005293672728493,0.0002033404782462,0.9671144552052136
115,"(6, -2, 5)",-0.0007155017296987,-0.0002435919487277,0.8855564297317635
116,"(6, -1, 4)",0.0031157996012808,0.0003625551144277,0.8223103476585569
133,"(7, -8, 12)",0.0002044849854061,3.720055809837999e-05,1.6433601639727564
134,"(7, -7, 11)",-4.537076774854423e-05,1.588659775681306e-05,1.5230391031571349
140,"(8, -4, 8)",0.002677375369619,0.0010289087997606,1.289485940273618
141,"(8, -3, 7)",-0.0004933310066227,-5.728152621642367e-05,1.205871621850385
142,"(8, -2, 6)",0.0048410531501415,0.0013436201080507,1.1351489080554578
145,"(9, 2, 2)",0.0010687016848475,0.0001107668759361,1.1467638365604396
146,"(9, 3, 1)",0.0008068155050958,0.0001972970117832,1.1683001180264132
147,"(9, 4, 0)",-0.0019967803355916,-0.0002654270981228,1.2074217703739332
148,"(9, 5, -1)",-0.0005025032311653,-0.0001509565440156,1.2624950670081816
149,"(9, 6, -2)",0.0016193929679561,0.0002448056099179,1.331542171214168
150,"(9, 7, -3)",0.0002040488315865,7.241843683361955e-05,1.4125153486168447
157,"(9, -8, 13)",-0.0001095286711134,-1.354344603237108e-05,1.8349154092317337
158,"(9, -7, 12)",-0.000987403573414,-0.0005038715900452,1.7237943306996384
164,"(10, -4, 9)",-0.0013981771858209,-0.000265767995679,1.5270524860984005
165,"(10, -3, 8)",-0.0004877496004608,-0.0001224586605288,1.4521633957041735
166,"(10, -2, 7)",0.0011952648171794,0.0002316499882039,1.3887951818758315
169,"(11, 2, 3)",0.0016349661707879,0.0003288907551854,1.399317578399313
170,"(11, 3, 2)",-0.0035753207356193,-0.0011160082993625,1.4119080736570846
171,"(11, 4, 1)",-0.000465286425136,-8.459449668790982e-05,1.439431633858823
172,"(11, 5, 0)",-0.0010802282193442,-0.0006061911781931,1.481055956236488
173,"(11, 6, -1)",-4.746325828491008e-05,-2.610602786023337e-05,1.5356348391816184
174,"(11, 7, -2)",-0.0019109675790799,-0.0007043032010119,1.601844646015277
175,"(11, 8, -3)",-0.0002218424698649,-2.90586580586278e-05,1.6783094105324985
176,"(11, 9, -4)",-0.0015113549003507,-0.0005577230355398,1.7636958303093968
179,"(11, -8, 14)",0.0002223930489648,2.890041501641196e-05,2.041820915276693
180,"(11, -7, 13)",3.36930534104947e-05,9.033229750595505e-06,1.938845491492433
186,"(12, -4, 10)",0.0013077643964609,0.0005122396279134,1.771112859463527
187,"(12, -3, 9)",0.0005808087244506,8.712610684825059e-05,1.7027233620831863
188,"(12, -2, 8)",0.0015530351746051,0.0006220858141224,1.644620695317114
191,"(13, 2, 4)",0.0002564996143881,4.962761125861368e-05,1.654372459307037
192,"(13, 3, 3)",-0.0003248745241414,-5.657027345094936e-05,1.6606865482857938
193,"(13, 4, 2)",-0.0005785395622279,-0.0001085619763569,1.6798498998588631
194,"(13, 5, 1)",9.454217357052262e-05,1.668734098731086e-05,1.711430938515767
195,"(13, 6, 0)",0.0006876800468269,0.0001124509222746,1.7547593354693305
196,"(13, 7, -1)",-0.0002617554642821,-3.93447541980321e-05,1.808991180293384
197,"(13, 8, -2)",-0.0005378856824214,-8.26423802688749e-05,1.8731796903117464
198,"(13, 9, -3)",0.0004580923695368,5.577116307802445e-05,1.94634002961154
199,"(13, 10, -4)",0.0001904798866649,2.2997206046766333e-05,2.0275012124274467
202,"(14, -4, 11)",1.0086274217332263e-05,2.0311965182910964e-06,2.019313840673765
203,"(14, -3, 10)",-2.0623682270132896e-05,-8.672692556469004e-06,1.9559118917442213
204,"(14, -2, 9)",-1.5698984242173387e-05,-2.625792702347121e-06,1.901746188704204
208,"(15, 3, 4)",-0.0011988575525217,-0.0004098840329709,1.9126189833258755
209,"(15, 4, 3)",-5.7444268545484137e-05,-8.655696705174204e-06,1.9255295645821653
210,"(15, 5, 2)",-0.0003091559091723,-0.0002716095283147,1.949436105553639
211,"(15, 6, 1)",8.237038168252257e-05,9.304576860424492e-06,1.9839411412758623
212,"(15, 7, 0)",-0.001175518431724,-0.000347514726104,2.028503899752841
216,"(-16, -4, -2)",0.0005657720059411,0.0002726796090861,2.035143599312695
217,"(-16, -3, -3)",0.0001913228266908,1.897299390602968e-05,2.019354963016228
218,"(-16, -2, -4)",0.0006595877926162,0.0002851753875012,2.014165772807142
220,"(-15, 0, -6)",-2.9074641654164682e-19,-1.6655341080034736e-19,1.9167524994217104
221,"(-15, 1, -7)",0.0004490558841716,6.0907978082079885e-05,1.9448038558892848
222,"(-15, 2, -8)",-8.162569988654139e-05,-5.845824102003808e-06,1.9833477326427067
223,"(-15, 3, -9)",-0.0002358921965655,-2.7508762175370944e-05,2.031787074506278
225,"(-14, -8, 3)",-0.0001616478015261,-2.3116483037625967e-05,1.988611300394148
226,"(-14, -7, 2)",0.0003254752492977,5.1175597339270594e-05,1.9245154111553533
239,"(-13, -5, 0)",-0.0021905235593927,-0.000685064649467,1.7093139269897617
240,"(-13, -4, -1)",-5.211895470840872e-05,-6.396744301558745e-06,1.6733772332840118
241,"(-13, -3, -2)",-0.0007598205748914,-0.0004753507561313,1.6497614753654626
242,"(-13, -2, -3)",2.71367506159753e-05,1.130351870973532e-05,1.6389993237281946
244,"(-12, 1, -6)",0.0004759708577589,9.09070985123736e-05,1.568233203692267
245,"(-12, 2, -7)",-0.0003461424156857,-5.837125255836652e-05,1.61130324140181
246,"(-12, 3, -8)",-0.0002967754897351,-5.984594712549141e-05,1.6662308325066264
247,"(-12, 4, -9)",0.0004311469040223,7.04684815479698e-05,1.731888141738417
248,"(-12, 5, -10)",0.000249669290683,3.541490546415355e-05,1.8071060236320529
249,"(-12, 6, -11)",-0.0002573315801733,-3.761719463036703e-05,1.8907438014323967
250,"(-12, 7, -12)",-0.0002774469585535,-3.246781858617793e-05,1.98173569416244
251,"(-12, -10, 6)",0.0007713042295857,0.000333746708201,1.9687771260661315
255,"(-11, -8, 4)",0.000517398986609,8.759854346518569e-05,1.693320011539329
256,"(-11, -7, 3)",0.0006814841471842,0.0001292406914583,1.6130883079021563
257,"(-11, -6, 2)",-0.0015276351388913,-0.0002955533202954,1.5426792970531529
263,"(-10, 0, -4)",0.0048097986013933,0.0014202605159387,1.277834999614473
272,"(-10, 9, -13)",5.6430416756098944e-05,-6.872082145278234e-06,1.9744505011128783
277,"(-10, -4, 0)",0.0035783023005726,0.0011635219459989,1.3214098556605485
278,"(-10, -3, -1)",-6.444110135714542e-05,-3.907408495137994e-05,1.285761304152344
279,"(-10, -2, -2)",0.001047295333488,0.0006659070070237,1.2662245269812618
280,"(-10, -1, -3)",0.0004950061503023,0.0001517346568502,1.2635470988677002
298,"(-8, -5, 2)",-0.0004416521660002,-0.0001619927193913,1.165189868944395
299,"(-8, -4, 1)",-0.0007526514405781,-0.0002311816763066,1.0987165752630257
303,"(-7, 0, -3)",-0.000752877790215,4.716358711708889e-05,0.8991617931633772
304,"(-7, 1, -4)",-0.0025654002488727,-0.0009076781159541,0.9345714559166302
305,"(-7, 2, -5)",0.0013710224360787,0.0001297139024836,0.990676525914568
306,"(-7, 3, -6)",-0.0060895497699799,-0.0017461015461716,1.0642088369473652
307,"(-7, 4, -7)",-0.0007486199577109,-0.0001281847337976,1.151835585111976
308,"(-7, 5, -8)",-0.00230391051361,-0.0009474807729198,1.2505975685560526
309,"(-7, 6, -9)",8.525293666446675e-05,5.4069300962442495e-05,1.358067611969688
310,"(-7, 7, -10)",-0.0028789193957168,-0.0009431472271495,1.4723400747580262
311,"(-7, 8, -11)",0.000126961980687,1.384167208852885e-05,1.5919507686013934
312,"(-7, 9, -12)",-0.0011309392870054,-0.0005417622346986,1.7157836403280402
313,"(-7, 10, -13)",1.789882262742759e-05,7.555017296534673e-07,1.8429878046364807
314,"(-7, 11, -14)",-0.0009158529666545,-0.0003731885346708,1.972911273350864
320,"(-7, -2, -1)",-6.282974695761236e-05,-0.0001162619386042,0.8988220452292627
321,"(-7, -1, -2)",-0.0115624700217551,-0.0026544292784161,0.8869297329609083
322,"(-6, -13, 12)",-0.0003385008316048,-3.329232322254998e-05,2.001497032107442
353,"(-4, 2, -4)",0.0133941382336105,0.002795858730822,0.644742970136809
354,"(-4, 3, -5)",-0.0091361385888939,-0.0012550705637841,0.7431894314853194
355,"(-4, 4, -6)",0.005938951327667,0.0015492609089,0.8556002930438888
356,"(-4, 5, -7)",0.0055758314608609,0.0008461443698713,0.9771680964382652
357,"(-4, 6, -8)",0.0037559855716347,0.0012076523943879,1.1048743877887004
358,"(-4, 7, -9)",-0.002237780351553,-0.0003543625180652,1.23681915967566
359,"(-4, 8, -10)",0.0034513004649163,0.001182847318789,1.3717799209584731
360,"(-4, 9, -11)",0.0003928265214696,4.888942124556828e-05,1.5089476353417774
372,"(-3, -12, 12)",-1.9149556451845657e-05,-7.206437743592169e-06,1.799611330209366
373,"(-3, -11, 11)",-0.0007066444592985,-0.0001311525635246,1.656240440643331
383,"(-2, 2, -3)",0.0029120023154358,0.0006363328306071,0.4278001465219444
384,"(-2, 3, -4)",-0.0038387940334713,-0.0004801373347636,0.5524371938943502
385,"(-2, 4, -5)",-0.000145750679678,-0.0004342864271401,0.6858899604792366
386,"(-2, 5, -6)",4.314700880918108e-05,6.201777124347365e-05,0.8238856227834247
387,"(-2, 6, -7)",-0.0010957210245199,5.1698438838080456e-05,0.9644761779468338
388,"(-2, 7, -8)",0.0003134929453756,4.207083956302818e-05,1.1066731103082392
389,"(-2, 8, -9)",0.0007996963375936,9.394277088695464e-05,1.2499282960179634
390,"(-2, 9, -10)",6.641058963535897e-05,4.97953437752001e-06,1.393915497491905
391,"(-2, 10, -11)",-0.000217908211733,-4.14935827523896e-05,1.5384291923792004
392,"(-2, 11, -12)",-0.0001696036703766,-3.032298180698068e-05,1.6833337882415391
393,"(-2, 12, -13)",4.564912888216201e-05,6.03016410254696e-06,1.8285363551653493
394,"(-2, 13, -14)",4.101548547540016e-05,9.175117510271724e-06,1.9739711392373065
397,"(-2, -9, 9)",0.000475643394059,7.073549418255136e-05,1.3437239812986903
398,"(-2, -8, 8)",0.0031692569677186,0.0010338904396397,1.199740886806244
402,"(-1, -13, 14)",-0.0007123456430458,-0.0003655777953158,1.962405381497044
403,"(-1, -12, 13)",-0.0002297440645928,-3.45353271438378e-05,1.816044849716384
18,"(0, -8, 9)",-0.0017225714860792,-0.000351748470381,1.225409942211415
28,"(1, 9, -9)",-0.0009780194519603,-0.0001880569370308,1.3266811013164443
30,"(1, -12, 14)",-0.0001528282218383,-2.3494053137077023e-05,1.869029965802228
52,"(2, -9, 11)",0.0001228737894841,8.16243431925124e-06,1.4473628611460378
70,"(3, 13, -12)",-0.0013832637633204,-0.0004794724604806,1.8964107646214976
75,"(3, -5, 7)",0.0032831813598553,0.0007565365412035,0.921224976580749
109,"(6, 0, 3)",-2.094914577465641e-18,0.0,0.7818329248299047
136,"(7, -6, 10)",-5.521692480798254e-06,3.017097035213837e-05,1.407745675828377
138,"(8, -10, 15)",0.0001316002611963,1.3452288260916868e-05,2.007272800189821
145,"(8, -1, 5)",-0.0009619757459963,-0.0002718438924619,1.079853700919525
191,"(12, -1, 7)",-0.0002147078710074,-2.455668049739029e-05,1.5979273800775495
208,"(14, -1, 8)",-3.846428188426975e-05,-5.285329374610355e-06,1.857624854778313
227,"(-15, -1, -5)",-0.0004566624855428,-6.574480959526667e-05,1.8996585343296808
241,"(-13, -6, 1)",2.6608333756699165e-05,-8.078994762259055e-08,1.7568156232182537
247,"(-12, 0, -5)",1.2361536385413064e-18,1.9659078893312675e-18,1.5380172051796177
284,"(-9, 3, -7)",-0.0001656602100963,8.268394553948706e-06,1.3084503830770289
285,"(-9, 4, -8)",-0.0005077784258311,-0.0001379174268386,1.3858897204196223
286,"(-9, 5, -9)",1.5855641260388414e-05,-2.645300605949405e-05,1.4739140158807815
287,"(-9, 6, -10)",0.0006269067585417,0.0001301685427643,1.5707447380492876
288,"(-9, 7, -11)",4.499608891547539e-05,1.4176097121450149e-05,1.6748551683246868
366,"(-4, 10, -12)",0.0011583451881443,0.0005640087791197,1.6477712455668494
29,"(1, 10, -10)",0.0002025708875121,4.064584271611e-05,1.47288264104733
158,"(9, -6, 11)",0.0001773327207875,2.52429617783624e-05,1.6183644604733036
165,"(10, -1, 6)",0.0001196655651696,4.221592559643592e-05,1.33858503033414
180,"(11, -6, 12)",-0.0004793253801333,-7.132043488978845e-05,1.8418184836064588
200,"(14, 0, 7)",-4.967720229651978e-19,3.550572133131105e-18,1.824276824603112
223,"(-15, -2, -4)",0.0001850001934406,2.33965710798224e-05,1.8938186943101216
255,"(-12, -1, -4)",-0.0005012723323435,-8.10502255098916e-05,1.5214212968631706
277,"(-10, -5, 1)",-0.000491782277709,-0.0001045364462712,1.3719147855726337
282,"(-9, 2, -6)",-1.200125673314262e-05,5.3094111383378287e-05,1.2435750036241269
288,"(-9, 8, -12)",-0.000228344461261,-3.696132559875621e-05,1.7849719702205362
289,"(-9, 9, -13)",-5.421406011464224e-05,-8.18600593770368e-06,1.900051139031981
367,"(-4, 11, -13)",3.988256738972095e-05,1.0719562647171216e-05,1.7878650637240463
368,"(-4, -13, 13)",0.0003160958528742,3.675665472877155e-05,1.970621565307046
67,"(3, 14, -13)",-6.172541413521546e-05,-7.096660832825259e-06,2.040477483238269
68,"(3, -12, 15)",-9.91398395993329e-05,-5.78525776816772e-06,1.955597936814658
80,"(4, -9, 12)",-0.000422541623324,-7.426403604501542e-05,1.5630886249862357
104,"(5, -5, 8)",-0.0040650625117807,-0.001318042936744,1.0953883465900076
133,"(8, 0, 4)",0.0024425895654245,0.0011672903918474,1.0424438997732062
181,"(12, 0, 6)",0.0013695410914897,0.0006143837272969,1.5636658496598097
199,"(13, -5, 12)",-0.0005370356122065,-0.0002966749786158,1.990758128085657
223,"(-15, -3, -3)",0.0002149891620264,3.146695195701644e-05,1.899336790471892
282,"(-9, 1, -5)",0.0004166464371755,5.257751664434421e-05,1.1933144896286756
291,"(-9, 10, -14)",-9.260365526079134e-05,-6.129363689368615e-07,2.019244419146715
369,"(-4, 12, -14)",0.0012209705549053,0.0004373038438409,1.928952355893668
411,"(-1, -11, 12)",-0.0022015341336485,-0.0007547008525834,1.6697566313355134
29,"(1, 11, -11)",0.000106353066594,4.741746919500713e-06,1.6191874816899932
109,"(6, -9, 13)",-0.0001153615639963,-1.3352422510443296e-05,1.7109848064257236
133,"(7, -5, 9)",-0.0010082077245133,-0.0002545586218569,1.298819449629537
136,"(8, -9, 14)",-0.0001617667879619,-2.7074095124054635e-05,1.8834882868230896
160,"(9, -5, 10)",-0.0026554243736388,-0.0008926628172861,1.5198106645725828
162,"(10, 0, 5)",-2.0487032264921346e-18,-4.6211350973506784e-20,1.3030548747165078
183,"(11, -5, 11)",-1.758660546859649e-05,-3.443199199735532e-06,1.7517286062866395
204,"(14, 1, 6)",0.0001940894138977,3.151613323837548e-05,1.8023002139856024
216,"(16, 2, 6)",0.000567465625721,0.0002659120614849,2.0497598394093144
254,"(-12, -2, -3)",0.0002633797816292,4.348816964336124e-05,1.5188919969911543
281,"(-9, 0, -4)",-6.777664809447668e-19,1.0282025591605259e-17,1.159570804018205
30,"(1, 12, -12)",0.0001537768569439,2.3017664342307647e-05,1.765569943185283
49,"(2, -8, 10)",0.0030902980618487,0.0011745562199779,1.3037319578764384
184,"(12, 1, 5)",-0.0004074542520036,-9.87821471620306e-05,1.5426646309674203
202,"(13, -4, 11)",0.0002612635397102,3.6758947683311216e-05,1.9152015192207208
217,"(16, 3, 5)",0.000184965356235,2.1316756215642952e-05,2.0478088230633795
226,"(-15, -4, -2)",-0.000269544101799,-3.503296063192154e-05,1.916114698345672
230,"(-14, 4, -10)",0.0006377964628992,0.0003122399863501,1.981353051829136
237,"(-13, -7, 2)",-0.0006394655044367,-0.0003814983128208,1.814974507760647
325,"(-6, 5, -8)",-0.0009758122957777,-0.0002448830951883,1.1690866599555956
326,"(-6, 6, -9)",-0.0005615503652842,-0.0001799598833114,1.2834004395658332
327,"(-6, 7, -10)",-6.53559106820653e-05,-1.2478763096431625e-07,1.4037642447804743
328,"(-6, 8, -11)",0.0004703094166654,0.0001024675882843,1.528749723932958
329,"(-6, 9, -12)",0.0006112900131977,0.0001062030613368,1.6573115816830502
31,"(1, 13, -13)",7.052594811239107e-05,4.263234241763878e-06,1.9120121978041005
34,"(1, -11, 13)",0.0001405419612851,2.6513395648786603e-05,1.723043289960303
132,"(8, 1, 3)",0.0017819394085485,0.0004083674100542,1.0248799197046572
158,"(10, 1, 4)",0.0005471490929389,0.0001237174931683,1.2834244919218805
159,"(10, -8, 14)",0.0012809533785636,0.0004079554687766,1.962250898656256
181,"(11, -4, 10)",0.0005649907394988,0.000109149893377,1.6696991317198886
202,"(14, 2, 5)",-5.832647151736726e-06,-5.923237684715607e-07,1.7921134134690715
226,"(-14, 2, -8)",0.001124908861821,0.0004233041796778,1.86914291183326
227,"(-14, 3, -9)",-0.0004080712115783,-6.183046956314092e-05,1.9204648973613745
252,"(-12, -3, -2)",5.598645788482352e-06,-1.7632270115981564e-05,1.530499046505232
290,"(-9, -1, -3)",-0.0007390768530511,-0.0001483862443668,1.1438066815505945
318,"(-6, 4, -7)",0.0006467730057807,0.0002606500110786,1.0627769500460402
324,"(-6, 10, -13)",-0.0002205017377447,-2.9645329667350545e-05,1.7886788241579672
70,"(3, -11, 14)",-0.0008273523185676,-0.0004487494745514,1.8125962900732544
82,"(4, -8, 11)",0.0001477155245554,5.656074361552267e-05,1.4260577372700856
100,"(5, -11, 15)",-9.089339955956116e-05,-9.383559523060848e-06,1.9333826840590096
105,"(5, -4, 7)",-0.0022401412413505,-0.0003675333748239,0.9811254493281284
111,"(6, -8, 12)",0.0015653418784209,0.0006639182831406,1.5822137916821537
139,"(8, -8, 13)",-0.0001321674017667,-1.834659656367141e-05,1.7632346570074993
161,"(9, -4, 9)",0.0002875419999972,5.6648719963233376e-05,1.4295557639451306
187,"(12, 2, 4)",0.0026119834586093,0.0008688297492029,1.5354679204522754
203,"(13, -3, 10)",-0.0012223304957191,-0.0004564301205366,1.8482316117755049
207,"(14, 3, 4)",-0.0001600811048874,-2.439548943065877e-05,1.793917280421164
229,"(-14, 1, -7)",0.0002526843814677,3.671950593537703e-05,1.8281929122963152
257,"(-11, 4, -9)",-0.0006022175777425,-9.787399118092968e-05,1.6280330401196124
258,"(-11, 5, -10)",-0.0016348449764127,-0.000603767898971,1.707831061452834
259,"(-11, 6, -11)",-3.693940764938009e-05,-5.433908738659758e-06,1.7960975992578458
260,"(-11, 7, -12)",-0.0009028131882001,-0.0003988728456397,1.891647571433738
261,"(-11, 8, -13)",0.0001763156717369,2.322797022895161e-05,1.993433916591468
324,"(-6, 3, -6)",0.0005293672728493,0.0002033404782462,0.967114455205214
332,"(-6, 11, -14)",-0.0005049012722427,-6.768982415231213e-05,1.922276382328037
396,"(-2, -13, 14)",-4.101548547539932e-05,-9.175117510271277e-06,1.973966691282628
132,"(7, -4, 8)",-0.0009402498103943,-0.0002438840617412,1.197998470163103
161,"(10, 2, 3)",-0.0010452341586568,-0.0002084507130695,1.2804253759052489
212,"(15, -2, 10)",5.513589771042026e-05,2.61704476777534e-06,2.047930457083184
221,"(-15, -5, -1)",1.8926772701439337e-05,9.457189637942384e-07,1.9438608817627
226,"(-14, 0, -6)",0.0010072978702007,0.0004437737396795,1.7983235863267548
254,"(-11, 3, -8)",-0.0015642460730295,-0.0006580057323492,1.5580053022482885
403,"(-1, 10, -11)",-0.0010891388386531,-0.000196483749088,1.523563866107624
11,"(0, -13, 15)",-7.162759400893551e-19,1.7983917420523055e-18,2.0113616789267845
159,"(10, -7, 13)",0.0002217056466751,2.1899628818740257e-05,1.8548633560204828
178,"(11, -3, 9)",-0.0002650122601863,-5.269365550165706e-05,1.5969726258468078
182,"(12, 3, 3)",0.000423249215924,8.612303997646634e-05,1.542268978710556
201,"(14, 4, 3)",4.775168695598206e-05,6.5577727618181685e-06,1.8076759189927367
230,"(-14, -1, -5)",0.0001028066565976,1.122922457685823e-05,1.780092810659724
248,"(-12, -4, -1)",-0.0001025535639416,-1.0833055351986637e-05,1.5559261104042652
252,"(-11, 2, -7)",0.0017206978994737,0.0003327524844552,1.4991176607595322
402,"(-1, 11, -12)",-0.0022015341336485,-0.0007547008525834,1.6697589126484125
127,"(8, -7, 12)",-0.0001928772425577,-3.872573612822375e-05,1.6472853673846568
147,"(9, -3, 8)",-0.0016009837125529,-0.000746241145177,1.3492661728375213
175,"(12, -6, 13)",-0.0001529938799459,-1.6151603762318693e-05,1.980412545235288
190,"(13, -2, 9)",-0.0005181806406129,-7.454555743405552e-05,1.7908119999491516
196,"(14, 5, 2)",-0.0001558222533451,-2.00961581293664e-05,1.833120166293932
204,"(15, -1, 9)",0.0003571938922151,4.374077868083259e-05,2.0034190366975766
245,"(-11, 1, -6)",-0.0024855598603974,-0.0008995294256542,1.4527254718711171
285,"(-8, 6, -10)",0.0027893623585677,0.0009379482378737,1.4863788629706387
286,"(-8, 7, -11)",-0.0007415693459379,-0.0001511212437656,1.5960020791431262
287,"(-8, 8, -12)",0.0006184431727494,0.0004466395077769,1.7112005860877777
288,"(-8, 9, -13)",0.000226314026234,3.0134632096863583e-05,1.8309223227323987
397,"(-1, 12, -13)",0.0002297440645928,3.453532714383808e-05,1.81604710717632
90,"(5, -10, 14)",-0.0001780313039022,-2.870232588092904e-05,1.796588927520845
101,"(6, -7, 11)",0.0008816733111125,0.00012520922892,1.4568514866702906
118,"(7, -10, 15)",-0.0001812477949348,-1.2271417821379993e-05,1.9497610319080696
172,"(11, -2, 8)",-0.0002741697146774,-6.468699546785776e-05,1.5348720604000257
222,"(-14, -2, -4)",0.0011669465475607,0.0004769274896952,1.7738594659218168
281,"(-8, 5, -9)",0.001002138836801,0.0001941120118396,1.3836567163849824
286,"(-8, 10, -14)",0.0014662669556043,0.0004386963648715,1.9543361928765293
394,"(-1, 13, -14)",-0.0007123456430458,-0.0003655777953158,1.962407618577962
156,"(10, -6, 12)",0.0010556185583445,0.0004948269362198,1.7531947543249506
193,"(13, -1, 8)",-0.0012335212718582,-0.0005071667542011,1.74388630489839
202,"(15, 0, 8)",-2.9844830837056463e-19,2.351965217255772e-18,1.968867901361144
225,"(-13, 4, -10)",4.2522516370468085e-06,-1.2639421428215604e-06,1.875134395929857
226,"(-13, 5, -11)",0.0001257589143738,1.2401055681048318e-05,1.9485347067060947
227,"(-13, 6, -12)",0.0001201964505811,2.171470476605407e-05,2.0299089389753084
143,"(9, -9, 15)",3.507501360819354e-05,-2.800698241923905e-07,2.003786846462908
179,"(12, -5, 12)",-8.817289747330945e-05,-8.860641177190895e-06,1.8931003083745923
223,"(-13, 3, -9)",0.0002333950549858,3.7512722269989446e-05,1.810677994347679
43,"(0, 14, -14)",0.0005890669203721,0.0003051560438083,2.054814125841668
46,"(0, 15, -15)",-3.850945914458899e-21,-2.9844830837056463e-20,2.201586563401788
51,"(0, -14, 16)",0.0006215480888389,0.0002529885058563,2.157808828590448
133,"(1, 14, -14)",-0.000231921647193,-2.526453498032088e-05,2.0585014844975755
135,"(1, 15, -15)",-5.589123432530759e-05,-4.344243277347668e-06,2.205028429671704
235,"(2, -14, 17)",6.522268621185003e-05,2.456888495270001e-06,2.2260883971944008
239,"(2, -13, 16)",0.000129302034161,7.532083565339306e-06,2.0809717127195304
322,"(3, 15, -14)",-0.0004338944123144,-0.0002303170113188,2.184904397882696
326,"(3, -14, 17)",-1.5615845016096472e-05,-6.387223637176794e-07,2.243063115565549
329,"(3, -13, 16)",-0.0009547282047943,-0.0003094661062964,2.099120188796927
421,"(4, -13, 17)",-7.11926681001482e-05,-1.979932913167013e-06,2.179712571726909
502,"(5, 14, -12)",3.868392006085224e-05,4.736465363008929e-06,2.055603200534538
505,"(5, 15, -13)",2.027279388786141e-05,-5.190330380788073e-06,2.195745941732702
510,"(5, -13, 17)",0.000132615589971,1.4482184374312556e-06,2.210813232871715
514,"(5, -12, 16)",0.0001126069865257,1.008340445232637e-05,2.071542837694315
599,"(6, -12, 17)",-9.876359176693458e-06,1.8796036492526284e-06,2.1672144343713806
677,"(7, 14, -11)",-7.73902178121293e-05,-8.3285803106371e-06,2.103163530735327
680,"(7, 15, -12)",-0.0004060262659383,-0.000203120722328,2.2371029064184573
685,"(7, -12, 17)",1.1091312921247614e-05,1.3648811825943713e-06,2.2122505117760234
689,"(7, -11, 16)",-0.0007598288265733,-0.0002967315013067,2.0799682823958907
768,"(8, -12, 17)",8.765971400725612e-07,2.383276135985872e-06,2.263101615153445
770,"(8, -11, 16)",0.0001625885294579,9.477135582237526e-06,2.133973842158959
852,"(9, -11, 17)",-1.1173271308105888e-05,-2.990081519496248e-06,2.247310318814116
855,"(9, -10, 16)",7.733352639763392e-05,2.088252915580992e-06,2.1239681139616344
930,"(10, -10, 16)",0.0002741736170982,0.0002108854143727,2.190776693180015
934,"(10, -9, 15)",-0.0001489918966107,-8.363701368798749e-06,2.0744694275649582
1008,"(11, -9, 16)",-0.0004832975318897,-0.0002126550594144,2.201410277177134
1011,"(11, -8, 15)",2.288612093977948e-05,1.0100621807251937e-05,2.092546185046063
1079,"(12, -9, 16)",0.0001176196536226,2.4514007994441426e-06,2.27928823226142
1082,"(12, -8, 15)",2.565822523061205e-05,1.728850288194178e-06,2.174326765553884
1085,"(12, -7, 14)",-0.0001204419478465,-2.084212942408452e-05,2.074445279571704
1138,"(13, 11, -5)",-0.0003661873196294,-3.0439553760444547e-05,2.115742687279331
1141,"(13, 12, -6)",3.5098055630840488e-06,-6.139160077890648e-06,2.2102165884844496
1145,"(13, -8, 15)",1.1117790364942968e-05,5.080538860952032e-06,2.2598643546922106
1147,"(13, -7, 14)",-0.0007069396202779,-0.0002387426090989,2.163934598302512
1150,"(13, -6, 13)",-3.883342571650935e-05,8.721950164699984e-08,2.073963183546791
1210,"(14, -6, 14)",0.0005468231661867,0.0002041257170804,2.214997068300519
1213,"(14, -5, 13)",0.0001658256724474,6.123468409426343e-06,2.133903417478304
1216,"(14, -4, 12)",0.0006453087031408,0.000270425706755,2.0600873463341207
1252,"(15, 8, -1)",6.160560645953167e-07,4.833117282846606e-06,2.0824788083994217
1254,"(15, 9, -2)",-0.0003636196443184,-0.0002130611173068,2.1451555189327283
1257,"(15, 10, -3)",-1.1907560285752048e-05,-3.642297636677493e-06,2.215795728454473
1259,"(15, 11, -4)",-0.0004216652492994,-0.0001613890514999,2.293663775909912
1263,"(15, -5, 13)",-8.69580155031782e-06,-2.533519472958987e-07,2.234618289443877
1267,"(15, -4, 12)",-6.921068557921425e-05,-1.0635671207991097e-07,2.1642399794168745
1271,"(15, -3, 11)",-0.000140689229766,-1.44176347961038e-05,2.10176943891339
1279,"(16, 0, 8)",0.0006911792823852,0.0002594954714747,2.084887799546413
1282,"(16, 1, 7)",-4.003056364514574e-05,-1.2279418747755845e-05,2.062181883236552
1294,"(16, 4, 4)",0.0006676704401107,0.0002671807295963,2.056358638280741
1297,"(16, 5, 3)",-0.0002324842566956,-2.455706600718456e-05,2.075279503946904
1300,"(16, 6, 2)",0.0007838671200705,0.0002666870310371,2.104291682877416
1302,"(16, 7, 1)",0.0001120821739118,5.814154196942948e-06,2.142985359400923
1314,"(16, -3, 11)",0.0001049758169152,1.758495984799254e-06,2.210826082999485
1315,"(16, -3, 12)",7.189843267622016e-05,3.656525635192656e-06,2.2481292528381176
1317,"(16, -2, 10)",0.0005119827377536,0.0002172007831936,2.1597074018390505
1320,"(16, -1, 9)",-0.0001139451680584,-1.0224365679121678e-05,2.117546800120506
1324,"(17, 0, 9)",-0.0001690918275208,-4.887220726279562e-06,2.22943091842406
1327,"(17, 1, 8)",-0.0004919887402352,-0.0001912078706257,2.204934544967456
1330,"(17, 2, 7)",0.0001538592164461,1.177637922101862e-05,2.190021637338593
1335,"(17, 4, 4)",0.0002100586503082,1.1387893997573468e-05,2.1746881805504734
1338,"(17, 5, 3)",6.735858993061148e-05,4.821483559641135e-06,2.192588096858393
1341,"(17, 6, 2)",-0.000212039204615,-1.220206081531106e-05,2.220067733020544
1344,"(17, 7, 1)",1.518881254088474e-05,1.150491707762297e-07,2.2567771739291222
1351,"(17, -1, 10)",-0.0003995701050624,-0.0001665414843126,2.26319959113511
1357,"(-18, 0, -7)",-8.616491483601785e-20,5.5790578935723335e-19,2.295633705834617
1363,"(-18, -4, -3)",-0.0001129772847915,-4.188334470252937e-06,2.2824626525112426
1366,"(-18, -3, -4)",-5.557222121488708e-05,-1.853522667849244e-06,2.2715818062839976
1369,"(-18, -2, -5)",0.0001017229129576,4.173133095694323e-06,2.2701577791041223
1372,"(-18, -1, -6)",8.452982298888402e-06,8.0512698663189e-07,2.2782083044068053
1374,"(-17, 0, -7)",-0.0001438091950933,-1.0159874233072662e-05,2.1769090609605457
1377,"(-17, 1, -8)",-0.0004919887402352,-0.0001912078706257,2.204930406890783
1380,"(-17, 2, -9)",9.883831100891052e-05,8.999190681961335e-06,2.2422282300483287
1383,"(-17, 3, -10)",-0.0004548501654612,-0.0001590365642818,2.2883489831916908
1388,"(-17, -7, 1)",-1.5188812540884744e-05,-1.150491707763736e-07,2.256771143286805
1396,"(-17, -4, -3)",1.8431325510876483e-05,2.125914592406944e-06,2.163015457661177
1399,"(-17, -3, -4)",-0.0004635759408293,-0.0002095285219747,2.151530553397257
1402,"(-17, -2, -5)",9.952040323794878e-05,1.2244810862482245e-05,2.150026946616554
1405,"(-17, -1, -6)",-0.000520426805854,-0.0002134832077657,2.158525496029031
1411,"(-16, 1, -8)",-4.565412552501995e-05,-3.4202864158708825e-06,2.088314973489356
1414,"(-16, 2, -9)",0.0001289392566759,1.0938079240506127e-05,2.127657978736915
1417,"(-16, 3, -10)",0.0001029481249304,4.572990057999196e-06,2.176208128217645
1420,"(-16, 4, -11)",-0.0001152784499706,-5.46421653537344e-06,2.233365052339834
1423,"(-16, 5, -12)",-5.724886638718796e-05,-2.37144226308347e-06,2.2984867616673266
1431,"(-16, -8, 2)",0.0002246664365204,0.0001826039430778,2.197433150526052
1434,"(-16, -7, 1)",-0.0001120821739118,-5.814154196943671e-06,2.1429792953845768
1436,"(-16, -6, 0)",0.0009135378734865,0.0002740008882696,2.097401336587202
1441,"(-16, -5, -1)",-7.015289794722072e-05,-9.119553631447327e-06,2.061288133629859
1467,"(-15, 4, -10)",7.284779167414557e-05,2.2804420404668416e-06,2.089433775102066
1470,"(-15, 5, -11)",3.838771321347005e-05,9.906547228825429e-07,2.155549252927996
1473,"(-15, 6, -12)",-5.295443985706644e-05,1.0225351758327771e-06,2.2293801739304784
1477,"(-15, -10, 5)",-9.030903064221936e-05,-4.705373953500384e-06,2.24174650022085
1521,"(-14, 5, -11)",0.0002139055534226,2.3890905703398784e-05,2.0509555594509363
1524,"(-14, 6, -12)",0.0007238424660765,0.0002495200473331,2.1284176738947305
1527,"(-14, 7, -13)",-3.966833830162829e-05,-1.031470177441492e-05,2.2129141824993765
1540,"(-14, -9, 4)",-0.0003426846171906,-3.379658196187224e-05,2.0611828005276056
1587,"(-13, 7, -13)",-0.0001817307619326,-1.2161975146554989e-05,2.1183383569864835
1590,"(-13, 8, -14)",-0.0001355468643922,-6.599317672890104e-06,2.212977357697816
1657,"(-12, 8, -13)",7.400771667734545e-05,1.2814299694426888e-05,2.079116374144224
1660,"(-12, 9, -14)",0.000177930447541,9.952859775132664e-06,2.1820306436451435
1662,"(-12, 10, -15)",1.4943035626067987e-05,1.6366677861371808e-06,2.289732486390699
1729,"(-11, 9, -14)",-0.0005835814965278,-0.0002629803878948,2.1005502426692666
1732,"(-11, 10, -15)",-2.416458613595925e-05,3.202186167425158e-06,2.212222448352179
1808,"(-10, 10, -14)",0.0005188617597262,0.0002532929481838,2.089403925782284
1811,"(-10, 11, -15)",-3.970577600062168e-05,-3.0271101712532115e-06,2.208132026319671
1889,"(-9, 11, -15)",-1.1689383086144544e-05,-1.7418582068238871e-06,2.141865078483763
1891,"(-9, 12, -16)",0.0001793971697987,6.850947851741785e-06,2.2673571182008443
1970,"(-8, 11, -15)",-1.2314363779853698e-05,-2.3907638070535364e-06,2.0807853456205274
1973,"(-8, 12, -16)",0.0003527258925389,0.0002135261186008,2.209748775577401
2059,"(-7, 12, -15)",-4.6781917612354216e-05,2.234364892751884e-06,2.105050601255404
2062,"(-7, 13, -16)",-0.0006002009506101,-0.000211775633474,2.239013504209214
2140,"(-6, 12, -15)",4.355632877013991e-05,8.58884456133e-06,2.0576698814377097
2143,"(-6, 13, -16)",0.0001852223950397,7.534275672258478e-06,2.19452693962737
2151,"(-6, -14, 13)",-3.379038475378183e-05,-3.3394987435489355e-06,2.1384957492900694
2233,"(-5, 13, -15)",-7.363146133224247e-05,-8.57724774287845e-07,2.1035408765331245
2236,"(-5, 14, -16)",-2.473731093676573e-05,-8.657420189767099e-09,2.24398057223964
2239,"(-5, -15, 15)",-0.0001046277426694,-3.9933220915918695e-06,2.286098205941629
2322,"(-4, 13, -15)",4.466146166825635e-06,-8.205146210506613e-06,2.0708300735176586
2324,"(-4, 14, -16)",0.0005043121146539,0.0002218184006674,2.2133462206164785
2330,"(-4, -14, 14)",0.0005934465618237,0.000272634621704,2.113051395387003
2421,"(-3, -15, 16)",-0.0003853645414678,-0.000188752262323,2.28203428673261
2508,"(-2, 14, -15)",-3.447889321122968e-05,7.585483354285446e-06,2.119590340555683
2510,"(-2, 15, -16)",3.423545472415666e-05,-1.632035703818774e-07,2.265358395898265
2513,"(-2, -15, 16)",-3.4235454724156644e-05,1.632035703818591e-07,2.2653540072865965
2515,"(-2, -14, 15)",-3.447889321123005e-05,7.585483354285744e-06,2.119585924156892
