,Rotation Index,Orientation Matrix,wR2,alpha,beta,omega
0,10,"[[-0.29351784363406563, -0.08820202126009809, 0.9624478024579106], [0.20937600717539875, 0.977198483269326, 0.15503434337040378], [-0.9441884683567, 0.24538106342652316, -0.26638534758468563]]",0.028290964663028717,0.008492179841148327,0.007068276174703002,-0.03074344513528706
1,52,"[[-0.29929160078759465, -0.09256859400929755, 0.9602549264644439], [0.7738065933024192, 0.5778722901962622, 0.2987143480215494], [-0.5772012843914893, 0.8248385619481668, -0.09998308215845245]]",0.031619057059288025,0.08783571612646787,-0.05706425463308315,-0.015491385124501031
2,78,"[[-0.3177698734387852, -0.09323009693006568, 0.9542378878128775], [0.9454088475155208, 0.1395489323513863, 0.32993942947569677], [-0.1632264919641072, 0.9973565708103014, 0.04426607196442524]]",0.017947306856513023,-0.006982006126435567,0.12335074254687664,0.16531226678362204
3,56,"[[-0.29845933793613627, -0.0974214182638871, 0.9600273807923674], [0.8169367362780642, 0.5098931984852466, 0.30750921962603983], [-0.5148079993989572, 0.8679867089573491, -0.07145280573204987]]",0.12006017565727234,-0.016953806443544592,0.02425226915555472,-0.0021880898992132887
4,31,"[[-0.29044353739239087, -0.07831511765108538, 0.9642339125580986], [0.5278202057273506, 0.831560249689187, 0.22837457071726305], [-0.8115166423709804, 0.5703457050547811, -0.1983961225049497]]",0.07479968667030334,0.020181630379556288,-0.014934044619688697,0.011768929211037511
5,96,"[[-0.2978795488209097, -0.08798344514010291, 0.961126690292287], [0.9563584327681666, -0.16855185596282596, 0.2820045957747471], [0.1346732623271029, 0.9933489161957885, 0.13423582495588882]]",0.03181910514831543,0.03758542007022238,0.04774342890478142,-0.08867287349211567
6,44,"[[-0.32625465090681716, -0.11157889778238674, 0.9493903308431134], [0.6867020648366032, 0.6709272632635004, 0.3167238350438838], [-0.6658827468613704, 0.7484939893140553, -0.14071131448760266]]",0.02570336125791073,-0.5191731277753747,0.5723039156831882,-0.11850060096577983
7,85,"[[-0.2719985313407251, -0.08209572676192164, 0.9692862291504118], [0.9723627658714613, 0.023250849336570064, 0.2761313006839826], [-0.04574749927683503, 1.0077849103842045, 0.07384716884503358]]",0.030939746648073196,-0.05223084445315896,0.027633805091663508,0.042417241482062454
8,48,"[[-0.30531924650649006, -0.09160749944932418, 0.9584451534973775], [0.7253896955060662, 0.6397703230135099, 0.2940804570007775], [-0.634114037981894, 0.7779210448336447, -0.1273717681191457]]",0.01871996372938156,-0.01287840175823107,0.007966615003571428,0.04545144296560542
9,16,"[[-0.2945229938163865, -0.09183022109066996, 0.9618002248550542], [0.2980766952931624, 0.9487222086865875, 0.18357332176384503], [-0.9197326457502064, 0.3381971783505152, -0.25009873191014675]]",0.026445558294653893,-0.21051659297954728,0.09510503269972044,-0.11742019887474772
10,43,"[[-0.30715109865362145, -0.10221224269045402, 0.9567907439774932], [0.6817645595820343, 0.6861231070995126, 0.29403714439769646], [-0.6799323193252925, 0.7359695097238954, -0.13953992910288582]]",0.05192836374044418,-0.4530901576815839,0.469243391909017,-0.0926017400464853
11,65,"[[-0.3263861136836598, -0.09859502563740953, 0.9507777497334965], [0.8773199971503199, 0.3686813475576372, 0.34110514432198014], [-0.3810536023125639, 0.936597737024296, -0.03286954968462709]]",0.01841958798468113,0.0046098300342370235,0.09082786301971779,-0.042929054189688905
12,4,"[[-0.29403562537297356, -0.08278621431662628, 0.9627682348703529], [0.10601444151832128, 0.9986841719958555, 0.11977456365389216], [-0.9611451098606989, 0.13671866666470375, -0.28286681150747195]]",0.06471617519855499,0.05656432420172418,0.002188194340784314,0.004057493876894715
13,60,"[[-0.2783788332908582, -0.07591651495921012, 0.9679777994716895], [0.8633810584717955, 0.4420919198437067, 0.28471244810905944], [-0.4456567639694858, 0.9064925762424423, -0.056415091112097006]]",0.04071372002363205,-0.018675754261926067,0.02858893122367104,-0.008206306953068412
14,55,"[[-0.3044299837320569, -0.08886613169457355, 0.9589868846361227], [0.8021875236092504, 0.5337077654942635, 0.3059172423840098], [-0.5341410001284319, 0.8544836766263084, -0.0898890463470608]]",0.03482060879468918,-0.051186486642348775,-0.012847582880453824,0.011417377740708997
15,38,"[[-0.2757505649522642, -0.06610882627519982, 0.9694467394329737], [0.6368746709830602, 0.7494574003840694, 0.23411580159201914], [-0.7347631394477645, 0.6759589079237599, -0.16295648120492204]]",0.04263591393828392,0.0,0.0,0.0
16,98,"[[-0.27552941544015896, -0.0917535896580236, 0.9674210341854484], [0.9571473464813575, -0.2046545858080044, 0.2541636095025498], [0.17178759948831984, 0.9861948405774784, 0.14404946951977088]]",0.011736002750694752,0.14784485867414907,0.5724397779512216,0.09902402753246484
17,3,"[[-0.29406924542018725, -0.08792829390805137, 0.9623034937359823], [0.08832671823193307, 1.000404153677374, 0.11989951027509121], [-0.9629166022902533, 0.11986211520967535, -0.28442294326449297]]",0.05103388801217079,0.2644460215257076,-0.024290289471708658,0.0191813407548969
18,7,"[[-0.30608818896128415, -0.1375342166316092, 0.9526979272715742], [0.13955752176347047, 0.9838038750210654, 0.18846179794450676], [-0.9530629127924939, 0.18960497862821044, -0.2798421923126843]]",0.013029633089900017,-0.06174430500710719,0.03407543013740653,0.0339780339274886
19,36,"[[-0.28324977663315937, -0.07592966074453057, 0.9665602191889872], [0.5993636480731653, 0.7784273371952861, 0.23865108296093704], [-0.762932964938762, 0.641259829625304, -0.17331556957862826]]",0.01662624627351761,0.007419038374748764,-0.004595640959799156,0.002212019698455272
20,72,"[[-0.33292673244813575, -0.11160430521469233, 0.9470700582345132], [0.919718394376122, 0.2287687857153745, 0.35187454061363455], [-0.25422327343470325, 0.978808134472493, 0.026995850246412656]]",0.01083738636225462,-0.08492397160301492,0.329791103472742,0.010037848868943147
21,84,"[[-0.3035632563588686, -0.08886927255234377, 0.9592647970457115], [0.961485367507569, 0.04374449789666862, 0.30965668434853705], [-0.06980270358143334, 1.0065170681775384, 0.07247401264844569]]",0.0187978595495224,-0.015477079084879398,0.03363118350890951,-0.022133295260227864
22,50,"[[-0.3495332504953875, -0.13376670199280824, 0.9381731879690247], [0.7379677417056899, 0.5891999762938375, 0.36083750809716736], [-0.5954786129667206, 0.8109868878043865, -0.10586142136256436]]",0.01611984334886074,-0.06012762510081357,0.07935836415141415,-0.014164465909496864
23,9,"[[-0.2842772284372122, -0.07511130967841287, 0.9663255259416673], [0.17938196785006183, 0.9866403353115025, 0.13106817542625], [-0.9531800758632557, 0.20931880224880536, -0.2650868026295237]]",0.03443313017487526,0.11094802139308521,-0.010468879298184396,0.02717145986705087
24,22,"[[-0.30277776873793477, -0.10807756981827094, 0.9575378800821565], [0.38610301410780967, 0.906759683851381, 0.22622395959641325], [-0.8835923916361232, 0.4346750425507546, -0.230902649967945]]",0.052545156329870224,0.007567041144898373,0.007257707874013178,0.00565265570953255
25,2,"[[-0.29333544075526463, -0.08533407753026898, 0.9627629594268751], [0.061084582874261474, 1.0036854637783466, 0.10905320168147986], [-0.965263741299548, 0.09069891582774751, -0.2872018283848511]]",0.01674504019320011,0.012212598262063584,-0.002546171486576346,-0.00027489268151620035
26,91,"[[-0.2501744292100999, -0.09010134803793281, 0.9744412848567066], [0.9779965733638625, -0.07636347446336583, 0.24517869532573225], [0.05075921107706158, 1.0044548953034698, 0.10735498381211153]]",0.04211858659982681,0.032369367910883615,0.6394172304031849,0.07179725810150489
27,0,"[[-0.2973797332434013, -0.011142492749511844, 0.9652357693683241], [0.06724036207026428, 1.008661694628706, 0.03379602261581594], [-0.9635653732554721, 0.07491154266541665, -0.2971919278167732]]",0.11312690377235413,0.026204438910897715,0.05594710512604491,-0.043571178298726324
28,46,"[[-0.3073711931671297, -0.09036501697371606, 0.9579094210377932], [0.7182733481448803, 0.648034888400254, 0.2934756656566175], [-0.6411385179510014, 0.771221684522197, -0.1327599174478623]]",0.029769156128168106,-0.013720624982138776,0.007428241782645558,-0.0025594429024253158
29,76,"[[-0.2842382625222864, -0.08833986101955806, 0.9652172605302642], [0.9530123200141519, 0.16048003878716877, 0.29683114876055516], [-0.18018199473895657, 0.9946686409824198, 0.039087330022630595]]",0.025432677939534187,0.02476546230158154,-0.05031393933128818,0.06714140865600444
30,83,"[[-0.33659540644424735, -0.09196466814512443, 0.9478837869798815], [0.9489332096613798, 0.05841813773090619, 0.3440135735177937], [-0.08717684737276175, 1.0054914230227827, 0.06790517513536316]]",0.03254587575793266,-0.0008822724506609386,0.011658210807867175,-0.01740508782325899
31,49,"[[-0.3498174604031431, -0.13127476460315404, 0.9384168009594908], [0.7277825613203032, 0.6036568347884916, 0.35763272392605555], [-0.607719613482382, 0.8007038481451305, -0.11420343234807233]]",0.024850154295563698,0.013813426568123802,0.0018193712056679412,0.0014814593022427942
32,54,"[[-0.29213452423630365, -0.08136804096815653, 0.9634634999888174], [0.8095357468028469, 0.530373704026825, 0.29205743642150067], [-0.5298946135010175, 0.8573375185936953, -0.08781058548192053]]",0.03388318791985512,-0.22169167426337646,-0.05363745921410856,0.19973847676653322
33,90,"[[-0.251181540623832, -0.0901953801644342, 0.9741737628792964], [0.9784457231608675, -0.059815401499005647, 0.24791960535393107], [0.034520391292970874, 1.0055663906754608, 0.1034333112252184]]",0.044501081109046936,-0.019999984408228658,-0.6602563220069131,-0.062288693509428825
34,53,"[[-0.26711593747853135, -0.05549412625239435, 0.972519667941755], [0.8216377682660955, 0.5295787122353689, 0.25768686437120625], [-0.5244690702088711, 0.8599502072004725, -0.0945614448609895]]",0.009478610008955002,0.025781551465878176,0.04654017944942966,-0.012422353439972542
35,19,"[[-0.2880422858147448, -0.07418498461786652, 0.96528135500486], [0.35427943838865944, 0.9300561830237937, 0.17894367981578882], [-0.9016767455478235, 0.39042549785812963, -0.2397116196878789]]",0.16030994057655334,-0.000549830321321571,0.001259977535829288,-0.013789997125486602
36,88,"[[-0.24546260304715978, -0.08203920416829712, 0.9763491665599217], [0.9804887922283032, -0.028103077719639345, 0.24536114744312548], [0.006237042524787925, 1.00766393864461, 0.08762497295769349]]",0.04246649891138077,0.011298523895611338,-0.03306888800044655,-0.007715062318553772
37,93,"[[-0.3289311340893759, -0.08394300094266069, 0.951317069591763], [0.9520951897667798, -0.11641617047144477, 0.32005499583517], [0.08188710796469198, 1.0011504671370137, 0.11818035227887987]]",0.022261738777160645,0.004090711805555552,0.0011971932870370374,0.01119429976851852
38,58,"[[-0.29266718956595145, -0.08809270343441486, 0.9627058051583206], [0.8423715965375066, 0.47093551587625415, 0.30094690358209647], [-0.47563542599004377, 0.8907292956921721, -0.06252995273488209]]",0.11194620281457901,0.002063273951789157,-0.008600593652617478,0.0005527154607288998
39,21,"[[-0.29513599101921534, -0.09182148512690809, 0.9616105966036103], [0.38394023629147944, 0.9123314274109121, 0.20672512889206512], [-0.8871122615238276, 0.426756665916727, -0.23211850647404939]]",0.018988141790032387,0.18642410457827982,-0.08139480636030626,0.08482597294073937
40,97,"[[-0.30200799471502254, -0.08323139832383096, 0.9602600084504447], [0.9515303736613062, -0.1916042798441082, 0.28366073591313856], [0.15762307141541307, 0.9895848704328233, 0.13692815916191603]]",0.03383117914199829,-0.0009617508490733328,0.018247613000656485,7.922714598402575e-05
41,40,"[[-0.2974404083084681, -0.09424609637011563, 0.9606690586620161], [0.6515025011135394, 0.7226818024779013, 0.27448948306018967], [-0.7131241105915889, 0.7012419073893319, -0.15198837650262964]]",0.020391423255205154,0.023545705536265435,0.010719782825360083,-0.03114099070859054
42,35,"[[-0.2879969686561287, -0.08217886757400654, 0.9646456501319265], [0.5886086877500515, 0.7848198817460312, 0.2444501817247103], [-0.7694834688844698, 0.6326324184581378, -0.17598309856600883]]",0.024363800883293152,0.0020063255591853527,-0.005061427079909931,0.0016387173529048657
43,1,"[[-0.293086542299883, -0.07941629546279537, 0.9633471146354803], [0.05387975178706703, 1.0049797794192081, 0.1007059133326406], [-0.9657593712825046, 0.08140220100860353, -0.2882757932304942]]",0.015069307759404182,0.25282063254462217,-0.022497002430961505,0.07709952545869203
44,45,"[[-0.28214318500348123, -0.07045282887589675, 0.9672987431075337], [0.7232659069231009, 0.6564774974882924, 0.26062960485169756], [-0.6471339547891304, 0.7661875440082966, -0.1327734935197807]]",0.019989578053355217,-7.79199720361935e-05,0.00022863215644144833,0.0006515486487222825
45,67,"[[-0.33907241950159617, -0.10747807431833936, 0.9453602392650969], [0.8857991723538796, 0.3314233351396311, 0.3570746490475953], [-0.3489482791445561, 0.9494474348643356, -0.01633859592600883]]",0.06338321417570114,0.2729801046940029,-0.7285911531655943,0.020454990134676377
46,82,"[[-0.29156195284254793, -0.08994805553308025, 0.9628805971382962], [0.9637233557005753, 0.06317267421232883, 0.2990957802792501], [-0.08782398736413154, 1.0053984206532656, 0.0685924737889081]]",0.03662161901593208,-0.04082546706299427,0.40524056364957617,0.026651791896048938
47,30,"[[-0.29607781343002954, -0.09356237250332097, 0.9611565095134134], [0.5096889341828498, 0.8394113825302675, 0.2405643044141129], [-0.821006309463599, 0.5563388635482756, -0.19906338992780231]]",0.02811511978507042,-0.04727401010029271,0.01837526726581416,0.0013866691486941031
48,64,"[[-0.3035554067186804, -0.09236651639498991, 0.958932569174343], [0.8825656520808395, 0.3772086552105359, 0.31741712857853455], [-0.3878194559522798, 0.9338482489804211, -0.03203227044455925]]",0.0065390486270189285,0.06422614941948197,-0.007826568975279944,-0.003833844154446042
49,26,"[[-0.28983128423746557, -0.08156203415148594, 0.9641527850170376], [0.4559356194242541, 0.8769715616049463, 0.21306350100209606], [-0.8541816760805241, 0.49717046242092555, -0.215154391757633]]",0.08663519471883774,-0.002370562459167253,0.006126904992718573,-0.019172235802955358
50,27,"[[-0.31961849378823687, -0.1386757187913559, 0.9480787518175834], [0.4513713691241487, 0.8603885876588222, 0.27987172013739753], [-0.8459049014648905, 0.5130676373823444, -0.2105403507654089]]",0.02004549652338028,0.026677972927371254,-0.0044890891029139585,-0.013881485896638169
51,28,"[[-0.2720196633838384, -0.05215047899372732, 0.9713511626837814], [0.4936485010341935, 0.8624902492393093, 0.18636456969277487], [-0.8389711719057052, 0.5257245408231399, -0.20709277195364842]]",0.019886421039700508,-0.0003122313373973849,-0.004161737252178685,-0.014421702418194272
52,20,"[[-0.28985730245462504, -0.0787274364739979, 0.9643769760346319], [0.36515662539115656, 0.9242401869214597, 0.18696293077225232], [-0.8967441994435889, 0.40311915090770356, -0.2372466333674264]]",0.03510177135467529,0.07457840690804235,-0.04499303957090922,0.06890201558967424
53,37,"[[-0.29818613330304705, -0.10208364962275762, 0.9596345790075035], [0.6132464775043663, 0.7560453639282305, 0.27285155972837893], [-0.7459777908839844, 0.6639650918978757, -0.1612542402455824]]",0.04820091649889946,-0.32885510964982073,0.2854875530107535,-0.07790502792895485
54,87,"[[-0.40143986299875023, -0.08505119012230938, 0.9229583371285651], [0.927323355469235, -0.030718975291772893, 0.40181812045306614], [-0.0069214611942117876, 1.0073463393917257, 0.09126573851617448]]",0.04194151610136032,-0.008809995075303119,5.24068298422925,0.4432453887981631
55,51,"[[-0.3375616911437816, -0.12197441839253723, 0.9441452713272912], [0.7585909182854017, 0.5711138223430954, 0.34686961500399477], [-0.5761643838799331, 0.8256837562446032, -0.09893984797688972]]",0.030005957931280136,-0.012528075797469172,-0.002804190386447531,0.007793326332835512
56,79,"[[-0.29539990066894023, -0.09088555457389204, 0.9616215017323669], [0.954327250058256, 0.13103333551847526, 0.30698710773740157], [-0.1533045027567269, 0.9987249628522145, 0.04849199168836102]]",0.019767144694924355,0.00039435571490087454,-0.028594893711798575,0.023241353164850535
57,86,"[[-0.35904234707492805, -0.08802229529285949, 0.9399893135023907], [0.9441319874181245, -0.0012033686412673112, 0.36182554745904577], [-0.03151208425256948, 1.0075465402849257, 0.08370869079212064]]",0.050330691039562225,-0.007460720563021267,0.007379932959107765,0.01567380815190365
58,32,"[[-0.30918428374475376, -0.11192277997940228, 0.955046157929079], [0.5379774314674702, 0.8119483135446944, 0.2711846790987667], [-0.7977726683561778, 0.592491586994027, -0.18907828301392365]]",0.033001985400915146,0.45250593267046046,-0.34082996285024014,0.05302066600300592
59,59,"[[-0.2848641942141682, -0.08298580965190003, 0.9655037115270243], [0.8519336183671997, 0.4588649692239933, 0.2925522963598427], [-0.4632230765278524, 0.8974858176143451, -0.058914636263682096]]",0.07198208570480347,-0.0009910760521465902,-0.0011158487477201284,0.04967719914538466
60,14,"[[-0.297774914906396, -0.09217093652209993, 0.9607667459852817], [0.26127535064164437, 0.9611641570370527, 0.17487457132694295], [-0.9298157943618989, 0.30091352916442327, -0.26012855715070954]]",0.0401044525206089,0.001653977759029385,0.00021294562875174536,-0.002011280410727211
61,18,"[[-0.31262538891448716, -0.11127039183277398, 0.9540034131264276], [0.32034281026854855, 0.934562253706723, 0.2157347980063122], [-0.9061482167714849, 0.3701803883498417, -0.25445988030225736]]",0.19039110839366913,0.01062938240292287,0.0023748415570487343,-0.0009083839442438346
62,29,"[[-0.3015898018709939, -0.10147003297814779, 0.9586368822005928], [0.5014501726644954, 0.8420035235236912, 0.24872837842353415], [-0.824047708653699, 0.5510031380956772, -0.20126963201364]]",0.029080072417855263,-0.17615257497933767,0.0987530354611307,0.011860611312972547
63,5,"[[-0.29490406614222847, -0.10094421099599563, 0.9607685235461513], [0.11787715672848154, 0.9943895100016187, 0.1422028635131489], [-0.9594995785340459, 0.15446546182910692, -0.27934444463932917]]",0.019444098696112633,-0.8246989220460095,0.09402608342556379,-0.19300887391750893
64,80,"[[-0.2692819141320991, -0.08811060117691791, 0.9695157714894822], [0.9653614900252366, 0.11002729155901603, 0.27953858571814716], [-0.13091534928776175, 1.00151210030164, 0.055864177188621966]]",0.031322162598371506,0.1792634326336158,-1.4787759655631174,-0.04812951854839122
65,47,"[[-0.31163987942483246, -0.09400243761239817, 0.956178142204536], [0.7163297183333622, 0.6476519559182394, 0.2990033535723416], [-0.6412697726375379, 0.7710854786538444, -0.13295577031812628]]",0.02396588772535324,-0.016763117283950614,0.025276491769547327,-0.01284079218106996
66,77,"[[-0.3157326135499479, -0.09348427769829339, 0.954889007782614], [0.9417522738355024, 0.16430516226142053, 0.3289689234715821], [-0.186700238004533, 0.9935477897840839, 0.0366896227694284]]",0.031518228352069855,0.0012832229956132835,0.04563780314964849,0.0014548023923325333
67,23,"[[-0.30919739862906537, -0.1232403673545718, 0.9536483512536081], [0.397903109311377, 0.8962567017840092, 0.24664291226799065], [-0.8760946137403638, 0.45202281739653294, -0.22617544003492016]]",0.035436391830444336,-0.9122948151493768,0.4695647745892711,-0.2186718343422147
68,42,"[[-0.2893646203404615, -0.0801523634896855, 0.9644074664301447], [0.6784321472185076, 0.7015794401836524, 0.2637331584053253], [-0.6910088549743805, 0.7240796802774083, -0.14707847356710774]]",0.08774863183498383,0.004977329665432578,-0.00135562428449166,0.002265242847750709
69,24,"[[-0.2929844470604526, -0.08883817426415003, 0.9625491819136556], [0.4260360927071377, 0.8917425810185969, 0.2137796173219823], [-0.8684194645311578, 0.46883199542992904, -0.22156638623143682]]",0.022430405020713806,0.02035820956788841,-0.020238793333768105,0.012692926881432386
70,12,"[[-0.29263756536926244, -0.08261338861084623, 0.96321032727634], [0.23244949309868068, 0.9718461756257843, 0.15562911776541066], [-0.9390609898084414, 0.26758197344259826, -0.2632187839076453]]",0.012363351881504059,0.02351586271554531,-0.0021134176113601095,0.0006287696074909724
71,69,"[[-0.3305360341924609, -0.09005525655082126, 0.9501944890896356], [0.902823726115034, 0.2977076928010109, 0.3439193193511651], [-0.3115171645722675, 0.9623684969558803, -0.016220657447054542]]",0.015989024192094803,-0.03766396115549775,0.08377839453586855,-0.012533779814657572
72,94,"[[-0.19904754985892617, -0.10678933013296953, 0.9844896540113388], [0.9848030780753911, -0.13508250923128076, 0.18551982504740494], [0.11104270536208369, 0.9965848860831604, 0.1320459608554343]]",0.026802685111761093,-0.6081751418403047,-4.947214684237402,-0.5743437202801951
73,57,"[[-0.2931733021459598, -0.09318081066718291, 0.962069714420351], [0.8249063393096121, 0.5004923333414427, 0.3016269517972509], [-0.5050608577170378, 0.8739156154119903, -0.06874295219264065]]",0.1478445827960968,-0.04195652762139951,-0.02487223355758942,-0.03193793618646694
74,34,"[[-0.3133090713874603, -0.12031842304201694, 0.9526803414690201], [0.5571003554189387, 0.7939651981567896, 0.28536904316185113], [-0.7828992771689386, 0.6147689110419994, -0.18001599291093648]]",0.020697906613349915,0.07130926204497284,-0.07459185639514433,0.09271694055975338
75,17,"[[-0.28446268834107374, -0.06516312020875281, 0.966991243124276], [0.3228863441705184, 0.9447872368724397, 0.16036946384651038], [-0.9145159846911445, 0.35510040672372883, -0.24581259304184996]]",0.018875285983085632,-0.05811838643872758,0.0036004142249492967,0.014425435855297307
76,13,"[[-0.29299436494801306, -0.0820945848264985, 0.9631451941064502], [0.2522546045609687, 0.9660446361958085, 0.1607457284447017], [-0.9338184507002292, 0.2879902106730605, -0.2603667699141414]]",0.01903221569955349,-0.03371927087281823,0.05329221785877725,0.03474927091022206
77,25,"[[-0.31354027735967593, -0.12990663432229962, 0.9513446876955787], [0.42101447634702827, 0.881493976902981, 0.26095602708124066], [-0.8636591992702871, 0.47838576160894186, -0.21979727176673855]]",0.031401053071022034,-0.0007684923288301802,0.07184471385111893,-0.14688757858401982
78,73,"[[-0.2700153001198728, -0.07394539718346176, 0.9704927639981101], [0.9423868552879935, 0.2338452672486005, 0.2815581968734693], [-0.2461069801964958, 0.9812174617796419, 0.007311526868714059]]",0.01722746528685093,0.30290500576708146,-1.3031174614182262,0.033964879513929916
79,74,"[[-0.2532891629767692, -0.078941663660457, 0.9745991763336538], [0.9513198818603678, 0.21497292923456782, 0.2661701615587129], [-0.22903949582338382, 0.9851295170447736, 0.021316262360359894]]",0.019427234306931496,-0.10303902879980459,0.4470007133400592,0.05882613744528985
80,62,"[[-0.33331837671413267, -0.10720534046294376, 0.9474376338469557], [0.861294266599126, 0.3972678524234042, 0.34971377172869916], [-0.4104131661641505, 0.9238743149546076, -0.03911033418552621]]",0.017268173396587372,-0.4115072989509085,0.9363490798386869,-0.018275782733628794
81,8,"[[-0.2905981982247755, -0.08954237878386988, 0.9632102618473459], [0.17538506840170637, 0.9852541337674409, 0.1461079112240001], [-0.9520001461758965, 0.21010700432131482, -0.2686489720003979]]",0.06968000531196594,0.008966949287988524,-0.050237457538950515,-0.006036970609353083
82,61,"[[-0.2984433817412263, -0.09451763959240346, 0.9603299102501814], [0.8648366234701202, 0.4203934819028413, 0.31188181955734], [-0.4295020128609333, 0.9149962028748572, -0.04271855902814068]]",0.04395587742328644,0.02417625311383998,0.009130720360570683,-0.16170055359673852
83,39,"[[-0.29224031500032727, -0.08571067147890317, 0.9630608031016585], [0.639667142056028, 0.7378717055893088, 0.2616447604981178], [-0.7258875807681284, 0.6863757294961691, -0.15920386977338652]]",0.030751749873161316,-0.45228491868246157,0.43571184991597633,-0.10462355663435613
84,6,"[[-0.29399506486787674, -0.08804008083079654, 0.9623178431457592], [0.1366333299202863, 0.9930943913115093, 0.13415397973160234], [-0.9572813965375324, 0.1700401378798742, -0.2779393452974584]]",0.017276445403695107,0.00423141998291188,0.0006814876329769456,0.05142525143205989
85,75,"[[-0.32863418408023287, -0.09723261363160389, 0.9501463412818061], [0.93087072178321, 0.19406477979520542, 0.34336733113791834], [-0.21650222317510426, 0.9878056125869792, 0.02730257044423815]]",0.05114069953560829,-0.029461242926954727,0.013688619898834018,0.04088447895233196
86,11,"[[-0.288353457938304, -0.08341295448154196, 0.9644344209079869], [0.22731626975005512, 0.9733641761113699, 0.1537892664500679], [-0.9416349237885943, 0.2617743320056603, -0.2597900073361398]]",0.010649977251887321,0.04740572812145423,-0.04620243390288156,-0.005915394748958502
87,95,"[[-0.29687185156017276, -0.08822978704460131, 0.9614181826151029], [0.9585174601211307, -0.1540938530008947, 0.2828945418805657], [0.12082197103901458, 0.9956726640075931, 0.13022879112513766]]",0.020426014438271523,0.04940563246490154,-0.05277549911964227,0.017807251350715897
88,89,"[[-0.29559632892323706, -0.08928997832107397, 0.9617122912673165], [0.9663471354285219, -0.04641067062443819, 0.29392634033961534], [0.017136007298256876, 1.00635989312524, 0.10013033689835196]]",0.04970480874180794,-0.004518214559410287,-0.008490075286316009,-0.0007214621166701926
89,92,"[[-0.28528925153667917, -0.06258399325642575, 0.9669213070806459], [0.9673289445248512, -0.08871876494703479, 0.28080300830176214], [0.06643626254760682, 1.0055670640345808, 0.0861670034929594]]",0.028530200943350792,-0.02746193572711623,0.03481434601228642,-0.0046083767383459425
90,68,"[[-0.3344279432973827, -0.1015183266272494, 0.9476741622603724], [0.8969522347152427, 0.3069389546729026, 0.35107630600400175], [-0.32404020417709073, 0.9583066703065605, -0.01078614104509588]]",0.021479828283190727,0.3096520067323464,-0.959028595617426,-0.00029621424672943803
91,71,"[[-0.39217574265488364, -0.10746983669279127, 0.9246034814911902], [0.8908166246677671, 0.24837088695221665, 0.40837795403005733], [-0.27168042368627965, 0.9744868245543702, -0.0009499270499184118]]",0.05422346293926239,-0.18083761564971346,0.6656542773393801,-0.015945278550859136
92,63,"[[-0.35204310093033664, -0.11572582810526094, 0.939629192210999], [0.8538348848042848, 0.39473895963028705, 0.3702697561557299], [-0.4103276044927929, 0.9239087604585329, -0.03918280137040489]]",0.016752418130636215,0.001270340150353004,-0.007729180139763868,0.0012146241524811808
93,41,"[[-0.3273293420742674, -0.12634845580519868, 0.9471684403298611], [0.644668679572861, 0.7102263970711912, 0.3194301034275379], [-0.7061658363276999, 0.7088010067325431, -0.14944376823622718]]",0.05623584985733032,0.011937291025349756,-0.010948152248482354,0.00583231778512455
94,70,"[[-0.28010621285297155, -0.06662396772439014, 0.9681620870272252], [0.9185302463297654, 0.3082860266231881, 0.2885651187982451], [-0.31531020686313826, 0.9609608741024128, -0.0241557215829962]]",0.018912451341748238,-0.016227158965700112,0.03685421499120434,-0.07202399983091376
95,33,"[[-0.3002967418807807, -0.09846332448537028, 0.9593548779178429], [0.5506390453305245, 0.8080028480112195, 0.2571528817799061], [-0.7925327717157181, 0.6002497340923252, -0.18668521291564422]]",0.03203361853957176,-0.04514912126063185,0.012990265916711666,-0.00031266272985550785
96,15,"[[-0.29391875978427107, -0.09036724581168123, 0.9621242182410228], [0.2890748676915877, 0.9523035575534313, 0.17945479096522385], [-0.9227858052988717, 0.3284078159723871, -0.2518345131572638]]",0.034688789397478104,-0.021509577313108073,0.004285329082163225,0.030115992658440983
97,66,"[[-0.3414918937275071, -0.10981330998334668, 0.9442180829705138], [0.8821589521754103, 0.3378530541125012, 0.360040628225366], [-0.3557072763253931, 0.9469170681895998, -0.017674571460299538]]",0.048578422516584396,0.1429842799459945,-0.4075937868877939,0.058129470265669475
98,81,"[[-0.3150145763420051, -0.08978530319325015, 0.9554806161241037], [0.9531354351246061, 0.09236851439413298, 0.32433169469113243], [-0.11718934209728372, 1.0031432379585457, 0.056878597666915554]]",0.034251220524311066,-0.010966485243733523,0.03425087894978375,-0.0160855222926345
